City_ID,City,Lat,Lng,Max Temp,Humidity,Cloudiness,Wind Speed,Country,Date
0,thompson,55.7435,-97.8558,-14.64,96,100,2.73,CA,1675645752
1,hilo,19.7297,-155.09,25.71,88,75,2.24,US,1675645754
2,punta arenas,-53.15,-70.9167,10.06,71,75,9.26,CL,1675645474
3,cherskiy,68.75,161.3,-39.53,100,100,1.98,RU,1675645754
4,new norfolk,-42.7826,147.0587,22.18,54,50,2.68,AU,1675645754
5,itea,38.4333,22.4167,4.44,74,100,3.13,GR,1675645755
6,valdivia,-39.8142,-73.2459,20.05,79,0,0.54,CL,1675645756
7,kolno,53.4115,21.9291,-4.24,82,100,1.69,PL,1675645757
8,matay,28.419,30.7792,10.35,37,0,3.88,EG,1675645757
9,santiago,-33.4569,-70.6483,25.86,49,0,4.63,CL,1675645134
10,pyshma,56.9523,63.2513,-19.0,100,100,0.8,RU,1675645758
11,livingston,55.9029,-3.5226,5.62,82,75,4.12,GB,1675645758
12,buala,-8.145,159.5921,24.94,93,100,4.83,SB,1675645758
13,clyde river,70.4692,-68.5914,-28.25,81,94,2.84,CA,1675645759
14,college,64.8569,-147.8028,-13.84,81,40,2.57,US,1675645759
15,carnarvon,-24.8667,113.6333,26.87,62,0,7.38,AU,1675645760
16,provideniya,64.3833,-173.3,-13.94,72,100,8.05,RU,1675645760
17,waitati,-45.75,170.5667,21.56,57,44,5.91,NZ,1675645760
18,caravelas,-17.7125,-39.2481,25.75,83,1,4.72,BR,1675645653
19,lorengau,-2.0226,147.2712,28.48,76,100,2.07,PG,1675645761
20,mahebourg,-20.4081,57.7,26.25,82,100,4.96,MU,1675645763
21,esso,55.9333,158.7,-10.66,89,100,1.14,RU,1675645763
22,vanimo,-2.6741,141.3028,26.16,86,100,0.54,PG,1675645763
23,port elizabeth,-33.918,25.5701,23.94,99,91,3.58,ZA,1675645764
24,cabo san lucas,22.8909,-109.9124,26.17,33,0,5.14,MX,1675645764
25,tura,25.5198,90.2201,13.2,53,0,1.62,IN,1675645765
26,tiksi,71.6872,128.8694,-31.82,100,100,1.52,RU,1675645765
27,nanortalik,60.1432,-45.2371,-7.18,77,100,12.98,GL,1675645766
28,ust-maya,60.4167,134.5333,-36.62,100,100,0.83,RU,1675645766
29,cidreira,-30.1811,-50.2056,23.0,81,100,3.93,BR,1675645766
30,bethel,41.3712,-73.414,4.93,68,0,0.0,US,1675645603
31,mataura,-46.1927,168.8643,16.85,69,98,4.9,NZ,1675645767
32,fortuna,40.5982,-124.1573,9.25,92,98,0.45,US,1675645767
33,ostrovnoy,68.0531,39.5131,-10.97,92,100,7.15,RU,1675645738
34,upernavik,72.7868,-56.1549,-25.15,94,100,3.04,GL,1675645718
35,batemans bay,-35.7167,150.1833,23.39,56,0,3.6,AU,1675645768
36,saskylakh,71.9167,114.0833,-41.73,100,94,1.72,RU,1675645768
37,kerema,-7.9631,145.7785,28.4,73,99,2.81,PG,1675645769
38,port lincoln,-34.7333,135.8667,19.69,67,4,6.08,AU,1675645769
39,beipiao,41.7919,120.7792,-4.99,44,6,1.41,CN,1675645769
40,murgab,37.4966,61.9714,4.63,86,0,3.58,TM,1675645770
41,castro,-24.7911,-50.0119,17.5,84,9,2.52,BR,1675645741
42,chuy,-33.6971,-53.4616,18.95,81,0,2.26,UY,1675645770
43,chokurdakh,70.6333,147.9167,-41.07,100,95,0.43,RU,1675645770
44,ushuaia,-54.8,-68.3,6.81,65,40,10.8,AR,1675645602
45,atuona,-9.8,-139.0333,25.98,74,19,7.84,PF,1675645771
46,albany,42.6001,-73.9662,4.94,58,100,2.11,US,1675645225
47,arman,59.7,150.1667,-22.62,77,97,3.56,RU,1675645773
48,tiznit,29.5833,-9.5,9.71,44,6,0.56,MA,1675645773
49,qaanaaq,77.484,-69.3632,-18.74,52,95,1.14,GL,1675645715
50,rio brilhante,-21.8019,-54.5464,22.08,77,21,1.06,BR,1675645774
51,alta floresta,-9.8756,-56.0861,22.66,94,100,1.16,BR,1675645774
52,sola,-13.8833,167.55,27.25,79,100,6.35,VU,1675645774
53,rikitea,-23.1203,-134.9692,26.19,75,3,6.27,PF,1675645775
54,rabo de peixe,37.8,-25.5833,14.73,82,75,4.63,PT,1675645775
55,hobart,-42.8794,147.3294,22.37,50,40,10.29,AU,1675645776
56,barrow,71.2906,-156.7887,-27.99,76,100,1.54,US,1675645776
57,salinopolis,-0.6136,-47.3561,25.27,89,100,4.57,BR,1675645777
58,cartagena,10.3997,-75.5144,26.79,78,40,2.57,CO,1675645196
59,nabire,-3.3667,135.4833,27.96,77,100,0.91,ID,1675645777
60,verkhnyaya inta,65.9811,60.3094,-14.01,95,99,4.47,RU,1675645777
61,aubenas,44.6201,4.3899,6.2,75,39,4.82,FR,1675645778
62,aswan,24.0934,32.907,14.87,33,38,2.83,EG,1675645778
63,axim,4.8699,-2.2405,26.62,88,62,4.38,GH,1675645779
64,akyab,20.15,92.9,16.88,54,7,2.6,MM,1675645779
65,lavrentiya,65.5833,-171.0,-19.51,88,100,4.14,RU,1675645779
66,nikolskoye,59.7035,30.7861,-3.06,94,100,3.2,RU,1675645780
67,adrar,20.5022,-10.0711,14.24,29,100,4.47,MR,1675645781
68,sitka,57.0531,-135.33,5.94,61,100,10.29,US,1675645781
69,berlevag,70.8578,29.0864,4.0,81,100,11.83,NO,1675645781
70,vaini,-21.2,-175.2,27.41,70,97,4.79,TO,1675645782
71,djougou,9.7085,1.666,26.01,15,99,1.62,BJ,1675645782
72,batagay-alyta,67.8006,130.4114,-32.52,99,100,0.32,RU,1675645783
73,mar del plata,-38.0023,-57.5575,27.01,50,0,4.12,AR,1675645568
74,aklavik,68.2191,-135.0107,-39.72,100,28,0.74,CA,1675645783
75,kapaa,22.0752,-159.319,26.99,83,100,4.12,US,1675645783
76,manavgat,36.7867,31.4431,7.97,88,100,1.79,TR,1675645784
77,hermanus,-34.4187,19.2345,21.56,88,18,5.0,ZA,1675645784
78,hambantota,6.1241,81.1185,23.19,100,40,1.54,LK,1675645785
79,avarua,-21.2078,-159.775,25.03,88,75,6.17,CK,1675645737
80,hithadhoo,-0.6,73.0833,27.18,70,97,4.68,MV,1675645785
81,butaritari,3.0707,172.7902,26.91,83,100,7.6,KI,1675645786
82,airai,-8.9266,125.4092,20.41,73,89,1.55,TL,1675645787
83,luderitz,-26.6481,15.1594,16.48,94,92,3.02,NA,1675645787
84,samarai,-10.6167,150.6667,27.88,79,99,5.25,PG,1675645788
85,sindor,62.8629,51.8905,-24.65,100,100,0.66,RU,1675645788
86,hasaki,35.7333,140.8333,10.16,70,3,3.04,JP,1675645789
87,arraial do cabo,-22.9661,-42.0278,24.28,91,94,3.45,BR,1675645740
88,ribeira grande,38.5167,-28.7,16.54,91,100,6.71,PT,1675645789
89,port-cartier,50.0334,-66.8654,-17.92,96,100,1.93,CA,1675645790
90,sergeyevka,53.88,67.4158,-14.62,96,100,3.03,KZ,1675645791
91,negombo,7.2083,79.8358,24.03,88,20,4.12,LK,1675645645
92,broome,42.2506,-75.833,5.37,64,100,4.63,US,1675645791
93,rocha,-34.4833,-54.3333,17.39,88,0,1.96,UY,1675645792
94,moyale,3.5167,39.0584,19.4,26,1,3.81,KE,1675645792
95,riyadh,24.6877,46.7219,16.08,55,5,4.84,SA,1675645357
96,kenora,49.8167,-94.4337,-12.9,71,52,2.68,CA,1675645792
97,peniche,39.3558,-9.3811,9.2,63,1,3.0,PT,1675645794
98,broken hill,-31.95,141.4333,26.9,26,0,5.6,AU,1675645354
99,bathsheba,13.2167,-59.5167,25.07,76,91,9.79,BB,1675645794
100,leshukonskoye,64.8989,45.7622,-21.46,100,65,2.32,RU,1675645795
101,yenagoa,4.9247,6.2642,25.73,88,100,2.67,NG,1675645795
102,ha tinh,18.3333,105.9,21.72,94,98,1.31,VN,1675645796
103,henties bay,-22.116,14.2845,17.62,89,100,2.11,NA,1675645796
104,rorvik,64.8621,11.2373,3.06,93,100,2.57,NO,1675645796
105,kaitangata,-46.2817,169.8464,18.7,61,52,7.2,NZ,1675645797
106,narsaq,60.9167,-46.05,-9.88,71,98,6.03,GL,1675645797
107,perth,-31.9333,115.8333,23.34,77,100,4.12,AU,1675645588
108,lexington,37.9887,-84.4777,9.63,59,0,3.6,US,1675645367
109,springdale,36.1867,-94.1288,10.95,53,0,0.0,US,1675645226
110,east london,-33.0153,27.9116,23.36,85,82,5.82,ZA,1675645799
111,aichach,48.4576,11.1341,0.78,93,100,1.54,DE,1675645799
112,te anau,-45.4167,167.7167,16.11,77,99,2.98,NZ,1675645799
113,jamestown,42.097,-79.2353,4.84,70,100,5.14,US,1675645688
114,faanui,-16.4833,-151.75,27.73,73,8,6.61,PF,1675645801
115,praia da vitoria,38.7333,-27.0667,15.42,93,100,7.34,PT,1675645801
116,pevek,69.7008,170.3133,-35.13,96,100,1.56,RU,1675645802
117,nago,26.5881,127.9761,18.47,84,100,7.33,JP,1675645036
118,amga,60.8953,131.9608,-38.73,100,100,0.61,RU,1675645802
119,huatulco,15.8436,-96.3267,25.37,69,0,0.0,MX,1675645803
120,port alfred,-33.5906,26.891,22.88,94,78,4.71,ZA,1675645803
121,kohat,33.582,71.4493,11.04,69,78,2.63,PK,1675645804
122,san jeronimo,-11.9472,-75.2829,9.98,83,90,2.5,PE,1675645804
123,lebu,-37.6167,-73.65,16.11,90,1,8.1,CL,1675645804
124,anadyr,64.75,177.4833,-30.29,74,75,6.0,RU,1675645805
125,bluff,-46.6,168.3333,15.18,80,99,10.84,NZ,1675645726
126,bykovo,55.6361,38.0803,-2.8,86,100,4.0,RU,1675645805
127,baturaja,-4.1333,104.1667,24.73,72,95,0.69,ID,1675645806
128,busselton,-33.65,115.3333,23.44,59,0,5.15,AU,1675645782
129,kokemaki,61.2565,22.3564,-0.12,91,8,3.24,FI,1675645806
130,hamilton,39.1834,-84.5333,8.88,69,40,3.09,US,1675645453
131,ewa beach,21.3156,-158.0072,27.97,64,20,6.69,US,1675645807
132,puerto ayora,-0.7393,-90.3518,26.42,93,37,2.68,EC,1675645802
133,cape town,-33.9258,18.4232,22.23,76,0,5.81,ZA,1675645313
134,nasirabad,26.3,74.7333,16.48,39,0,2.57,IN,1675645245
135,faya,18.3851,42.4509,13.29,62,98,1.31,SA,1675645808
136,tasiilaq,65.6145,-37.6368,-3.91,95,100,2.03,GL,1675645809
137,neyshabur,36.2133,58.7958,3.42,33,0,0.78,IR,1675645809
138,roma,43.2128,-75.4557,6.16,75,100,0.0,US,1675645810
139,kitgum,3.2783,32.8867,21.73,42,19,1.28,UG,1675645810
140,kuntaur,13.6667,-14.8833,23.87,15,100,3.12,GM,1675645811
141,lompoc,34.6391,-120.4579,13.8,80,0,6.69,US,1675645809
142,ziro,27.6333,93.8333,2.73,70,5,1.09,IN,1675645811
143,laguna,38.421,-121.4238,13.03,65,0,4.12,US,1675645753
144,tuktoyaktuk,69.4541,-133.0374,-38.39,100,55,2.74,CA,1675645811
145,batticaloa,7.7102,81.6924,24.72,85,100,3.0,LK,1675645812
146,klaksvik,62.2266,-6.589,9.51,90,100,14.85,FO,1675645812
147,katobu,-4.9408,122.5276,27.81,76,100,2.51,ID,1675645813
148,along,28.1667,94.7667,10.85,64,0,0.59,IN,1675645813
149,ercis,39.0287,43.3586,-2.67,95,100,3.06,TR,1675645814
150,qaqortoq,60.7167,-46.0333,-12.05,83,96,8.32,GL,1675645814
151,gabu,12.2833,-14.2167,21.52,41,96,2.06,GW,1675645815
152,kloulklubed,7.0419,134.2556,27.28,77,100,9.46,PW,1675645815
153,mae chan,20.1467,99.8526,17.91,50,54,0.76,TH,1675645816
154,lodja,-3.4833,23.4333,20.38,85,98,0.77,CD,1675645816
155,vila velha,-20.3297,-40.2925,27.19,84,0,5.66,BR,1675645626
156,cayenne,4.9333,-52.3333,22.02,100,0,0.0,GF,1675645817
157,karakol,42.4907,78.3936,-3.45,72,100,1.71,KG,1675645817
158,srednekolymsk,67.45,153.6833,-34.07,97,100,2.16,RU,1675645818
159,brae,60.3964,-1.353,7.85,88,100,11.5,GB,1675645818
160,pailon,-17.65,-62.75,24.5,95,100,2.36,BO,1675645819
161,saint-philippe,-21.3585,55.7679,24.77,85,100,4.65,RE,1675645819
162,tomatlan,19.9333,-105.25,23.29,64,0,1.51,MX,1675645820
163,pag,44.445,15.0575,1.32,58,98,6.56,HR,1675645820
164,dharchula,29.85,80.5333,8.56,27,0,3.51,IN,1675645820
165,wilkie,52.4168,-108.7014,-3.39,88,100,2.97,CA,1675645821
166,kruisfontein,-34.0033,24.7314,22.71,90,89,2.38,ZA,1675645822
167,acajutla,13.5928,-89.8275,25.94,65,0,2.56,SV,1675645822
168,mount isa,-20.7333,139.5,27.87,69,100,4.63,AU,1675645792
169,kupang,-10.1667,123.5833,29.32,74,75,1.54,ID,1675645823
170,alyangula,-13.8483,136.4192,29.81,52,97,1.5,AU,1675645823
171,juegang,32.3174,121.1855,9.43,96,100,3.5,CN,1675645824
172,victoria,22.2855,114.1577,19.62,87,84,1.34,HK,1675645582
173,zhigansk,66.7697,123.3711,-41.08,95,100,0.34,RU,1675645825
174,guerrero negro,27.9769,-114.0611,16.1,77,96,8.43,MX,1675645803
175,vershino-darasunskiy,52.35,115.5167,-22.59,90,17,1.88,RU,1675645825
176,lewistown,40.5992,-77.5714,5.89,81,100,0.0,US,1675645826
177,mount gambier,-37.8333,140.7667,19.8,53,19,2.98,AU,1675645826
178,santa cruz,-17.8,-63.1667,23.7,88,40,2.57,BO,1675645542
179,tymovskoye,50.8456,142.655,-15.98,90,82,0.69,RU,1675645826
180,tuatapere,-46.1333,167.6833,16.41,78,91,4.72,NZ,1675645827
181,khatanga,71.9667,102.5,-36.84,100,48,2.94,RU,1675645828
182,lircay,-12.9896,-74.7205,9.33,92,100,1.62,PE,1675645828
183,popondetta,-8.7537,148.2534,24.25,96,100,0.7,PG,1675645828
184,xuanzhou,30.9525,118.7553,8.78,95,100,1.78,CN,1675645566
185,tibati,6.4667,12.6333,20.87,18,56,2.41,CM,1675645829
186,pochutla,15.7432,-96.4661,25.9,72,0,1.85,MX,1675645830
187,fuerte olimpo,-21.0415,-57.8738,25.21,61,11,2.13,PY,1675645830
188,willowmore,-33.2926,23.4895,20.12,72,4,2.39,ZA,1675645830
189,saint george,37.1041,-113.5841,8.33,63,100,7.72,US,1675645831
190,ancud,-41.8697,-73.8203,14.42,77,69,2.11,CL,1675645829
191,polunochnoye,60.8697,60.4153,-19.93,100,75,1.24,RU,1675645831
192,ponta do sol,32.6667,-17.1,16.35,51,4,2.47,PT,1675645832
193,nuevo progreso,23.1667,-97.95,19.38,64,0,0.45,MX,1675645832
194,ilhabela,-23.7781,-45.3581,25.53,89,99,2.45,BR,1675645833
195,kidal,18.4411,1.4078,21.85,13,0,1.91,ML,1675645833
196,orikum,40.3253,19.4714,2.97,58,0,5.93,AL,1675645833
197,hami,42.8,93.45,-1.97,42,84,1.65,CN,1675645832
198,nogliki,51.8333,143.1667,-16.44,89,74,3.91,RU,1675645834
199,barcelona,41.3888,2.159,11.41,76,0,3.09,ES,1675645595
200,port augusta,-32.5,137.7667,29.43,23,6,1.64,AU,1675645834
201,krasnovishersk,60.4078,57.082,-20.82,99,83,1.56,RU,1675645835
202,rawson,-43.3002,-65.1023,17.37,66,100,9.46,AR,1675645835
203,sao filipe,14.8961,-24.4956,20.86,62,24,6.9,CV,1675645836
204,zelenogorskiy,55.0333,87.0,-25.74,100,94,0.88,RU,1675645836
205,souillac,-20.5167,57.5167,25.26,86,100,4.69,MU,1675645837
206,bambous virieux,-20.3428,57.7575,26.23,82,100,4.62,MU,1675645780
207,bredasdorp,-34.5322,20.0403,20.24,90,24,4.11,ZA,1675645823
208,lagoa,39.05,-27.9833,15.01,84,100,4.44,PT,1675645837
209,wundanyi,-3.4019,38.364,14.95,93,5,1.32,KE,1675645838
210,isangel,-19.55,169.2667,30.18,67,100,1.26,VU,1675645668
211,aljezur,37.3191,-8.8033,10.41,65,5,1.44,PT,1675645839
212,komsomolskiy,40.4272,71.7189,3.4,93,100,1.03,UZ,1675645839
213,taltal,-25.4,-70.4833,21.9,77,4,1.19,CL,1675645828
214,joshimath,30.5667,79.5667,2.79,41,0,4.05,IN,1675645840
215,matamoros,25.5333,-103.25,25.06,14,0,2.57,MX,1675645840
216,kirakira,-10.4544,161.9205,25.99,92,100,9.51,SB,1675645840
217,yellowknife,62.456,-114.3525,-20.25,76,100,5.36,CA,1675645683
218,sokoni,-6.4333,39.55,26.68,78,25,4.47,TZ,1675645841
219,shimoda,34.6667,138.95,10.06,42,93,3.94,JP,1675645841
220,mingshui,36.7167,117.5,7.07,45,10,1.11,CN,1675645842
221,muscatine,41.4667,-91.1335,0.92,71,0,2.57,US,1675645821
222,la ronge,55.1001,-105.2842,-4.25,96,100,2.66,CA,1675645842
223,bayan,46.0833,127.4,-17.48,92,56,1.29,CN,1675645843
224,sao francisco de paula,-29.4481,-50.5836,17.25,87,2,0.37,BR,1675645843
225,slawno,54.3628,16.6789,-1.63,84,100,2.53,PL,1675645843
226,qiryat gat,31.61,34.7642,13.0,11,6,6.91,IL,1675645682
227,kalianget,-7.05,113.9333,26.28,83,100,3.49,ID,1675645844
228,coihaique,-45.5752,-72.0662,14.34,66,1,3.45,CL,1675645844
229,esperance,-33.8667,121.9,25.14,45,79,8.74,AU,1675645838
230,nantucket,41.2835,-70.0995,8.08,83,0,6.17,US,1675645817
231,vidim,56.4088,103.1106,-13.44,97,100,2.68,RU,1675645845
232,pisco,-13.7,-76.2167,24.03,83,0,5.14,PE,1675645605
233,warragul,-38.1667,145.9333,20.53,51,42,2.37,AU,1675645846
234,bubaque,11.2833,-15.8333,24.52,60,100,7.72,GW,1675645846
235,bambanglipuro,-7.95,110.2833,27.0,76,87,0.96,ID,1675645846
236,teguldet,57.3064,88.1667,-25.59,100,100,1.04,RU,1675645847
237,mehamn,71.0357,27.8492,3.97,65,100,9.26,NO,1675645820
238,cairns,-16.9167,145.7667,31.15,81,100,4.12,AU,1675645559
239,erice,38.037,12.5865,4.26,64,5,3.67,IT,1675645847
240,ningbo,29.8782,121.5495,10.05,98,100,1.08,CN,1675645848
241,smithers,54.7804,-127.1743,-0.89,93,100,1.64,CA,1675645648
242,takoradi,4.8845,-1.7554,26.53,88,79,4.56,GH,1675645848
243,jiayuguan,39.8167,98.3,-4.21,42,99,0.75,CN,1675645849
244,karera,25.4667,78.15,15.7,41,0,1.27,IN,1675645849
245,sao joao da barra,-21.6403,-41.0511,24.29,95,11,0.57,BR,1675645850
246,campiglia marittima,43.0602,10.6152,5.73,59,99,9.49,IT,1675645850
247,paamiut,61.994,-49.6678,-10.39,78,100,9.06,GL,1675645851
248,paragominas,-2.9667,-47.4833,22.39,98,100,1.53,BR,1675645851
249,puerto salgar,5.463,-74.6544,25.3,78,25,0.17,CO,1675645851
250,yaypan,40.3758,70.8156,4.72,87,100,0.62,UZ,1675645852
251,kitimat,54.0524,-128.6534,3.84,72,100,0.45,CA,1675645852
252,beyneu,45.3167,55.2,-0.87,82,23,2.91,KZ,1675645853
253,kosum phisai,16.2486,103.0674,25.47,72,52,1.05,TH,1675645853
254,portland,45.5234,-122.6762,10.38,88,75,4.12,US,1675645599
255,comodoro rivadavia,-45.8667,-67.5,16.92,72,0,5.14,AR,1675645538
256,severo-kurilsk,50.6789,156.125,-2.83,73,100,4.28,RU,1675645854
257,pedernales,18.0384,-71.744,24.66,70,6,4.8,DO,1675645854
258,longyearbyen,78.2186,15.6401,-2.09,74,40,1.03,SJ,1675645820
259,tatarsk,55.219,75.9828,-22.23,100,100,2.04,RU,1675645855
260,ahipara,-35.1667,173.1667,20.18,94,100,2.13,NZ,1675645855
261,bontang,0.1333,117.5,26.88,80,53,1.86,ID,1675645856
262,hoquiam,46.9809,-123.8893,8.33,90,100,0.89,US,1675645823
263,san patricio,28.017,-97.5169,21.05,85,0,4.27,US,1675645856
264,haines junction,60.7522,-137.5108,-10.13,98,100,1.21,CA,1675645857
265,kavieng,-2.5744,150.7967,28.75,70,24,2.51,PG,1675645857
266,vitry-le-francois,48.7333,4.5833,3.23,81,88,5.58,FR,1675645858
267,guilin,25.2819,110.2864,10.32,94,100,0.84,CN,1675645858
268,vagur,61.4732,-6.8119,8.69,89,100,16.58,FO,1675645858
269,orlik,52.5178,99.825,-24.8,99,99,0.76,RU,1675645859
270,birjand,32.8663,59.2211,3.79,41,5,1.89,IR,1675645859
271,georgetown,5.4112,100.3354,25.96,89,20,0.51,MY,1675645705
272,isiro,2.7739,27.616,20.8,40,99,0.8,CD,1675645860
273,magomeni,-6.8,39.25,25.85,81,100,2.73,TZ,1675645860
274,itarema,-2.9248,-39.9167,25.63,83,100,4.06,BR,1675645826
275,oktyabrskoye,43.0645,44.7417,-2.92,92,98,4.0,RU,1675645860
276,mezhdurechensk,53.6942,88.0603,-21.8,99,11,1.56,RU,1675645861
277,kousseri,12.0769,15.0306,24.08,16,59,4.04,CM,1675645861
278,talnakh,69.4865,88.3972,-15.44,98,99,1.09,RU,1675645862
279,valentin gomez farias,28.2167,-106.5833,17.24,20,0,1.86,MX,1675645862
280,russell,32.3502,-85.1999,14.57,89,1,2.17,US,1675645846
281,del rio,29.3627,-100.8968,22.06,33,0,2.57,US,1675645863
282,hell,63.4455,10.9033,2.14,92,75,2.57,NO,1675645863
283,shetpe,44.1667,52.1167,-0.61,76,94,3.1,KZ,1675645864
284,fort nelson,58.8053,-122.7002,-18.2,99,41,0.64,CA,1675645864
285,brownsville,25.9018,-97.4975,21.72,77,0,3.6,US,1675645737
286,bengkulu,-3.8004,102.2655,24.59,80,100,2.55,ID,1675645826
287,labrea,-7.2586,-64.7981,22.63,98,98,0.43,BR,1675645865
288,saint-pierre,-21.3393,55.4781,24.82,78,0,2.06,RE,1675645865
289,asfi,32.2994,-9.2372,11.96,71,0,2.89,MA,1675645866
290,jumla,29.2747,82.1838,2.1,50,0,1.85,NP,1675645867
291,sioux lookout,50.1001,-91.917,-17.71,98,97,1.47,CA,1675645850
292,dikson,73.5069,80.5464,-18.81,97,100,1.04,RU,1675645867
293,touros,-5.1989,-35.4608,26.62,76,8,5.07,BR,1675645854
294,catabola,-12.15,17.2833,14.58,93,100,1.81,AO,1675645868
295,baragaon,25.4333,82.8167,12.99,100,0,0.0,IN,1675645868
296,kushmurun,52.4503,64.6311,-13.92,96,96,3.0,KZ,1675645869
297,thunder bay,48.4001,-89.3168,-16.13,96,41,1.88,CA,1675645869
298,quesnel,52.9999,-122.5029,1.4,98,100,2.26,CA,1675645870
299,sydney,-33.8679,151.2073,29.08,66,75,7.72,AU,1675645192
300,yulara,-25.2406,130.9889,28.69,13,0,5.65,AU,1675645741
301,huarmey,-10.0681,-78.1522,22.78,79,77,2.66,PE,1675645870
302,vestmannaeyjar,63.4427,-20.2734,4.64,66,100,10.63,IS,1675645732
303,todos santos,23.45,-110.2167,23.36,79,48,2.37,MX,1675645871
304,manokwari,-0.8667,134.0833,24.55,92,100,1.31,ID,1675645766
305,hokitika,-42.7167,170.9667,19.19,69,4,5.38,NZ,1675645872
306,mayor pablo lagerenza,-19.9309,-60.7718,25.01,63,65,3.38,PY,1675645872
307,iqaluit,63.7506,-68.5145,-27.95,68,100,4.02,CA,1675645872
308,bull savanna,17.8868,-77.5902,22.48,83,0,3.7,JM,1675645873
309,ilulissat,69.2167,-51.1,-16.99,78,100,10.8,GL,1675645873
310,cap malheureux,-19.9842,57.6142,26.37,79,100,2.24,MU,1675645874
311,limulunga,-15.0969,23.1376,18.97,95,100,1.45,ZM,1675645874
312,road town,18.4167,-64.6167,26.02,73,40,5.66,VG,1675645773
313,neiafu,-18.65,-173.9833,29.38,74,75,4.12,TO,1675645875
314,shelburne,44.0787,-80.2041,1.42,89,100,5.03,CA,1675645582
315,la asuncion,11.0333,-63.8628,24.63,82,100,7.36,VE,1675645875
316,lahaina,20.8783,-156.6825,27.0,86,9,3.73,US,1675645876
317,zhanaozen,43.3,52.8,-0.5,74,97,5.34,KZ,1675645876
318,neral,19.0333,73.3167,23.79,41,70,1.11,IN,1675645800
319,inirida,3.8653,-67.9239,22.33,98,75,1.13,CO,1675645877
320,arlit,18.7369,7.3853,21.29,15,49,3.5,NE,1675645852
321,nanuque,-17.8392,-40.3539,24.98,75,0,4.94,BR,1675645877
322,kaoma,-14.7833,24.8,17.9,99,100,0.57,ZM,1675645877
323,san jose,37.3394,-121.895,11.66,78,75,6.17,US,1675645730
324,kaeo,-35.1,173.7833,19.52,93,100,2.41,NZ,1675645814
325,pangnirtung,66.1451,-65.7125,-37.69,95,95,2.1,CA,1675645878
326,marsabit,2.3284,37.9899,19.34,32,1,2.78,KE,1675645879
327,leningradskiy,69.3833,178.4167,-29.33,98,100,2.03,RU,1675645838
328,bangassou,4.7413,22.8184,22.02,27,69,1.39,CF,1675645879
329,las vegas,36.175,-115.1372,16.38,22,0,8.75,US,1675645407
330,biak,-0.9131,122.8766,27.88,63,95,2.6,ID,1675645880
331,govindgarh,27.5,76.9833,13.85,48,0,1.27,IN,1675645881
332,dalbandin,28.8947,64.4101,12.35,41,0,2.46,PK,1675645882
333,northam,51.0333,-4.2167,3.12,82,76,3.09,GB,1675645882
334,port-gentil,-0.7193,8.7815,26.91,79,84,5.99,GA,1675645883
335,noshiro,40.2039,140.0242,4.42,75,100,3.31,JP,1675645883
336,dhidhdhoo,6.8833,73.1,26.57,76,97,1.45,MV,1675645884
337,saint-joseph,-21.3667,55.6167,24.21,83,100,4.48,RE,1675645885
338,torbay,47.6666,-52.7314,-4.02,79,39,2.24,CA,1675645815
339,labuhan,-6.8844,112.2051,26.43,81,100,1.58,ID,1675645831
340,puerto escondido,15.85,-97.0667,26.46,65,40,2.57,MX,1675645885
341,tilichiki,60.4667,166.1,-25.42,94,14,3.44,RU,1675645735
342,sorland,67.667,12.6934,5.92,97,100,13.28,NO,1675645886
343,boyolangu,-8.1181,111.8935,26.73,73,100,1.24,ID,1675645886
344,atbasar,51.8,68.3333,-12.45,97,96,2.93,KZ,1675645887
345,constitucion,-35.3333,-72.4167,14.38,95,14,2.14,CL,1675645887
346,merauke,-8.4667,140.3333,27.57,80,91,3.61,ID,1675645888
347,oxbow,49.2333,-102.1676,-7.98,92,100,3.67,CA,1675645889
348,baherden,38.4362,57.4316,7.25,54,2,1.88,TM,1675645889
349,talaya,61.3833,152.75,-32.41,98,100,1.38,RU,1675645889
350,teya,60.3778,92.6267,-16.27,99,99,1.61,RU,1675645890
351,itoman,26.1247,127.6694,19.01,100,75,3.09,JP,1675645890
352,kibala,9.1104,18.3463,25.43,16,100,3.02,TD,1675645891
353,baracoa,20.3467,-74.4958,23.9,88,44,2.93,CU,1675645891
354,qasigiannguit,68.8193,-51.1922,-16.86,98,100,5.01,GL,1675645892
355,santa leopoldina,-20.1006,-40.5297,27.01,94,26,1.12,BR,1675645892
356,solnechnyy,50.7214,136.6319,-17.94,93,89,1.05,RU,1675645799
357,dukat,62.55,155.55,-33.51,96,45,1.78,RU,1675645893
358,kholodnyy,62.7167,147.95,-32.69,99,94,1.32,RU,1675645894
359,selenginsk,52.0064,106.8647,-26.77,95,82,1.81,RU,1675645894
360,hervey bay,-25.2986,152.8535,27.16,77,67,8.82,AU,1675645694
361,avera,33.194,-82.5271,10.73,88,0,3.26,US,1675645894
362,svetlyy,54.675,20.1347,0.03,82,100,4.72,RU,1675645895
363,beringovskiy,63.05,179.3167,-27.32,92,97,5.23,RU,1675645895
364,xichang,27.8964,102.2634,7.39,57,0,0.28,CN,1675645896
365,port hedland,-20.3167,118.5667,34.03,46,0,3.09,AU,1675645896
366,muros,42.7762,-9.0603,7.13,78,1,3.49,ES,1675645897
367,gold coast,-28.0,153.4333,31.36,74,40,5.66,AU,1675645801
368,bilma,18.6853,12.9164,17.32,10,16,5.85,NE,1675645897
369,staryy nadym,65.6118,72.6842,-24.94,100,100,1.77,RU,1675645897
370,santa maria,-29.6842,-53.8069,22.32,59,85,1.94,BR,1675645898
371,pandan,14.0453,124.1694,26.19,87,52,4.83,PH,1675645898
372,gat,31.61,34.7642,13.0,11,6,6.91,IL,1675645742
373,mandalgovi,45.7625,106.2708,-11.04,53,100,3.92,MN,1675645899
374,dunedin,-45.8742,170.5036,21.56,57,26,4.02,NZ,1675645609
375,ardabil,38.2498,48.2933,0.24,66,100,7.14,IR,1675645900
376,rosarito,32.3333,-117.0333,15.13,72,0,5.9,MX,1675645901
377,santa cruz del sur,20.7147,-77.9956,24.02,80,1,3.11,CU,1675645901
378,bandar,2.05,99.75,22.55,97,100,1.08,ID,1675645901
379,nirasaki,35.7,138.45,5.49,65,8,0.45,JP,1675645435
380,evanston,42.0411,-87.6901,2.28,73,0,2.57,US,1675645798
381,grindavik,63.8424,-22.4338,3.26,65,75,15.43,IS,1675645902
382,carberry,49.8689,-99.3602,-6.95,97,38,3.16,CA,1675645902
383,halifax,44.6453,-63.5724,5.25,91,100,7.72,CA,1675645540
384,preston,53.7667,-2.7167,2.73,93,19,1.96,GB,1675645903
385,high level,58.5169,-117.136,-10.94,79,100,2.06,CA,1675645903
386,sept-iles,50.2001,-66.3821,-17.75,87,100,2.37,CA,1675645904
387,kimbe,-5.5502,150.1429,30.67,65,96,1.86,PG,1675645904
388,sohag,26.557,31.6948,11.81,50,0,3.28,EG,1675645905
389,mishelevka,52.8575,103.1719,-25.46,100,100,0.75,RU,1675645905
390,eyl,7.9803,49.8164,22.65,81,95,5.8,SO,1675645905
391,husavik,66.0449,-17.3389,6.64,67,100,14.75,IS,1675645854
392,taldan,53.6667,124.8,-22.96,97,100,0.45,RU,1675645906
393,mutoko,-17.397,32.2268,17.85,89,100,0.57,ZW,1675645906
394,campo verde,-20.4167,-54.0667,22.8,80,100,0.54,BR,1675645907
395,yakeshi,49.2833,120.7333,-23.8,99,100,1.07,CN,1675645907
396,kahului,20.8947,-156.47,27.01,72,20,9.77,US,1675645748
397,port blair,11.6667,92.75,26.26,77,1,2.65,IN,1675645799
398,acarau,-2.8856,-40.12,25.52,85,100,4.29,BR,1675645908
399,meulaboh,4.1363,96.1285,24.49,86,100,2.85,ID,1675645908
400,la primavera,5.4906,-70.4092,28.34,49,98,3.64,CO,1675645909
401,shostka,51.863,33.4698,-7.02,98,68,3.03,UA,1675645909
402,anloga,5.7947,0.8973,27.24,86,100,5.97,GH,1675645910
403,tateyama,34.9833,139.8667,9.55,65,18,2.76,JP,1675645911
404,arandis,-22.4167,14.9667,18.3,75,100,2.01,NA,1675645911
405,karratha,-20.7377,116.8463,34.22,41,2,0.6,AU,1675645912
406,kikwit,-5.041,18.8162,21.0,96,98,1.32,CD,1675645912
407,senador pompeu,-5.5881,-39.3717,25.4,77,39,3.69,BR,1675645913
408,staryy krym,45.0333,35.1,0.51,87,100,6.26,UA,1675645913
409,imbituba,-28.24,-48.6703,21.91,85,4,2.08,BR,1675645914
410,nieuwpoort,51.1244,2.7735,4.45,93,40,2.57,BE,1675645914
411,domna,51.8971,113.1573,-18.91,78,49,3.0,RU,1675645914
412,orange walk,17.8333,-88.8333,21.58,89,30,1.84,BZ,1675645915
413,hofn,64.2539,-15.2082,7.89,95,100,16.51,IS,1675645900
414,flinders,-34.5833,150.8552,28.99,66,0,2.68,AU,1675645915
415,houma,29.5958,-90.7195,16.67,66,0,0.45,US,1675645899
416,kastamonu,41.5,33.6667,-2.76,90,100,1.58,TR,1675645916
417,beloha,-25.1667,45.05,21.59,92,100,4.8,MG,1675645656
418,nuuk,64.1835,-51.7216,-11.18,85,100,2.68,GL,1675645916
419,homer,59.6425,-151.5483,3.94,68,100,7.72,US,1675645678
420,ust-ilimsk,58.0006,102.6619,-11.6,95,100,3.4,RU,1675645917
421,lampang,18.3333,99.5,23.25,74,34,0.49,TH,1675645917
422,djambala,-2.5447,14.7533,20.98,86,99,1.63,CG,1675645918
423,tecoanapa,16.5167,-98.75,26.19,70,0,2.16,MX,1675645918
424,champerico,14.3,-91.9167,26.52,71,2,3.72,GT,1675645918
425,mercedes,-34.6515,-59.4307,24.32,39,0,3.5,AR,1675645919
426,thanh hoa,19.8,105.7667,20.4,96,100,1.89,VN,1675645919
427,mareeba,-17.0,145.4333,28.58,85,99,2.64,AU,1675645919
428,boa vista,2.8197,-60.6733,23.99,83,40,5.14,BR,1675645497
429,gashua,12.871,11.0482,23.19,19,91,4.24,NG,1675645699
430,mount pleasant,32.7941,-79.8626,13.37,98,100,0.45,US,1675645920
431,olinda,-8.0089,-34.8553,27.85,74,20,1.54,BR,1675645889
432,kailua,21.4022,-157.7394,27.99,79,29,3.13,US,1675645920
433,caruray,10.3094,119.0128,26.69,79,52,2.68,PH,1675645921
434,verkhnyaya toyma,62.2349,44.9985,-21.8,100,100,1.26,RU,1675645921
435,ormara,25.2088,64.6357,21.05,70,0,4.53,PK,1675645921
436,channel-port aux basques,47.5702,-59.1367,0.79,98,100,9.81,CA,1675645922
437,bushehr,28.9684,50.8385,16.4,48,100,0.68,IR,1675645922
438,ferme-neuve,46.7001,-75.4493,-3.49,98,100,0.66,CA,1675645922
439,acapulco,16.8634,-99.8901,27.9,69,0,3.09,MX,1675645923
440,saiha,22.4833,92.9667,10.89,52,88,1.71,IN,1675645923
441,moron,-34.6534,-58.6198,27.23,56,0,2.79,AR,1675645924
442,teseney,15.11,36.6575,20.87,55,29,3.36,ER,1675645924
443,namibe,-15.1961,12.1522,21.48,80,100,2.68,AO,1675645844
444,ixtapa,20.7,-105.2,23.57,83,0,2.06,MX,1675645925
445,thohoyandou,-22.9456,30.485,18.64,73,0,1.05,ZA,1675645925
446,kano,12.0001,8.5167,24.04,20,100,3.31,NG,1675645926
447,skibbereen,51.55,-9.2667,7.97,96,31,4.37,IE,1675645926
448,ust-kuyga,70.0167,135.6,-32.23,98,100,2.0,RU,1675645926
449,richards bay,-28.783,32.0377,22.89,87,68,1.8,ZA,1675645899
450,yeniseysk,58.4497,92.1703,-23.32,100,100,0.99,RU,1675645927
451,yar-sale,66.8333,70.8333,-27.85,100,87,0.65,RU,1675645927
452,ayan,56.45,138.1667,-21.32,75,68,3.02,RU,1675645928
453,hede,33.7681,120.2517,5.71,93,100,2.35,CN,1675645928
454,byron bay,-28.65,153.6167,29.41,53,45,3.62,AU,1675645929
455,bonthe,7.5264,-12.505,24.39,86,99,1.97,SL,1675645929
456,kodiak,57.79,-152.4072,2.73,93,100,3.6,US,1675645728
457,necochea,-38.5473,-58.7368,23.48,46,96,3.39,AR,1675645929
458,tokur,53.1333,132.9,-25.25,97,98,1.5,RU,1675645930
459,nemuro,43.3236,145.575,-2.79,74,100,1.71,JP,1675645848
460,arivonimamo,-19.0167,47.1833,17.03,92,100,1.78,MG,1675645656
461,saldanha,-33.0117,17.9442,17.85,94,0,4.26,ZA,1675645914
462,sulangan,11.1373,123.7228,26.72,79,28,4.51,PH,1675645931
463,harper,4.375,-7.7169,26.57,84,88,3.86,LR,1675645931
464,zgierz,51.8556,19.4062,-3.79,88,75,1.54,PL,1675645932
465,lasa,46.6166,10.7002,-2.21,92,49,2.69,IT,1675645909
466,badulla,6.9895,81.0557,19.22,97,100,1.73,LK,1675645932
467,codrington,-38.2667,141.9667,18.37,60,88,3.59,AU,1675645933
468,livramento,-3.0254,-60.1803,24.38,100,40,0.0,BR,1675645933
469,kargasok,59.0556,80.8572,-20.44,100,100,1.29,RU,1675645934
470,thinadhoo,0.5333,72.9333,27.07,69,79,3.72,MV,1675645934
471,oktyabrskiy,54.4815,53.471,-8.28,96,100,0.91,RU,1675645934
472,poum,-20.2333,164.0167,28.96,79,100,7.86,NC,1675645827
473,kieta,-6.2167,155.6333,27.7,76,100,1.87,PG,1675645935
474,hohhot,40.8106,111.6522,-4.02,45,11,1.43,CN,1675645727
475,tallahassee,30.4383,-84.2807,18.91,77,100,2.06,US,1675645452
476,ouesso,1.6136,16.0517,22.04,47,21,1.33,CG,1675645935
477,padang,-0.9492,100.3543,23.03,77,100,1.62,ID,1675645936
478,kokstad,-30.5472,29.4241,14.07,90,1,1.96,ZA,1675645936
479,maningrida,-12.0667,134.2667,29.19,56,100,2.15,AU,1675645906
480,sakakah,29.9697,40.2064,10.56,36,38,3.21,SA,1675645747
481,korla,41.7597,86.1469,-2.93,69,88,1.28,CN,1675645844
482,abilene,32.4487,-99.7331,18.3,42,0,4.63,US,1675645898
483,buraydah,26.326,43.975,14.84,41,32,3.46,SA,1675645754
484,bangkok,13.75,100.5167,27.18,90,34,2.54,TH,1675645917
485,posse,-14.0931,-46.3694,22.53,77,75,0.98,BR,1675645937
486,nelson bay,-32.7167,152.15,27.22,66,19,4.95,AU,1675645938
487,manaus,-3.1019,-60.025,24.28,94,40,0.0,BR,1675645209
488,ikwiriri,-7.9562,38.9716,22.86,95,100,0.94,TZ,1675645938
489,cabanas,22.9758,-82.9219,23.1,82,52,1.73,CU,1675645938
490,kyzyl-suu,42.3414,78.0056,-2.08,68,100,2.11,KG,1675645940
491,hovd,48.0056,91.6419,-16.25,76,88,1.03,MN,1675645816
492,chaman,30.9236,66.4512,7.65,62,0,2.18,PK,1675645941
493,lasem,-6.6922,111.4527,26.71,82,100,1.58,ID,1675645941
494,gilbues,-9.8317,-45.3439,25.83,59,75,0.74,BR,1675645941
495,ericeira,38.9627,-9.4156,12.72,61,38,3.08,PT,1675645942
496,ust-barguzin,53.45,108.9833,-17.27,99,99,1.1,RU,1675645942
497,menongue,-14.6585,17.691,15.86,92,100,1.43,AO,1675645943
498,jalu,29.0331,21.5482,11.79,44,100,6.04,LY,1675645943
499,sobolevo,54.4299,31.8996,-7.9,97,100,2.6,RU,1675645944
500,negresti,46.8333,27.4333,-2.06,94,99,6.42,RO,1675645944
501,hobyo,5.3505,48.5268,24.51,77,95,6.8,SO,1675645944
502,asheville,35.6009,-82.554,6.65,81,0,1.58,US,1675645933
503,rudbar,30.15,62.6,11.59,47,0,2.12,AF,1675645945
504,ubud,-8.5098,115.2654,22.62,91,100,1.53,ID,1675645945
505,norman wells,65.282,-126.8329,-29.89,100,72,0.63,CA,1675645849
506,kavaratti,10.5669,72.642,26.6,75,13,2.88,IN,1675645466
507,tadine,-21.55,167.8833,28.93,72,45,1.75,NC,1675645946
508,auki,-8.7676,160.7034,24.54,94,100,3.79,SB,1675645946
509,kiama,-34.6833,150.8667,29.1,65,0,5.36,AU,1675645691
510,kamuli,0.9472,33.1197,19.28,50,26,0.61,UG,1675645947
511,pingzhuang,42.0372,119.2889,-5.98,45,5,1.06,CN,1675645947
512,hunucma,21.0167,-89.8667,23.38,77,2,3.19,MX,1675645948
513,panama city,8.9936,-79.5197,27.99,73,20,5.14,PA,1675645589
514,bronnoysund,65.4625,12.1997,4.0,81,100,7.72,NO,1675645948
515,soyo,-6.1349,12.3689,25.78,84,87,2.2,AO,1675645949
516,sinnamary,5.3833,-52.95,24.42,87,88,5.48,GF,1675645949
517,dariba,24.95,74.1333,15.52,36,0,1.73,IN,1675645949
518,ariquemes,-9.9133,-63.0408,22.95,97,100,0.65,BR,1675645718
519,aripuana,-9.1667,-60.6333,22.75,97,98,0.47,BR,1675645950
520,psedakh,43.4672,44.5692,-1.78,89,100,2.65,RU,1675645950
521,salalah,17.0151,54.0924,20.75,64,100,1.29,OM,1675645951
522,waddan,29.1614,16.139,9.42,84,38,3.28,LY,1675645952
523,verkhnevilyuysk,63.4453,120.3167,-47.7,100,77,1.23,RU,1675645952
524,kishi,9.0833,3.85,26.79,36,100,1.91,NG,1675645952
525,dahuk,36.8695,42.994,5.74,87,100,6.31,IQ,1675645953
526,ugoofaaru,5.6667,73.0,26.65,76,100,1.11,MV,1675645953
527,plettenberg bay,-34.0527,23.3716,20.74,94,22,1.63,ZA,1675645954
528,laguna de duero,41.5815,-4.7233,3.0,82,0,8.23,ES,1675645746
529,goderich,43.7501,-81.7165,1.62,98,100,6.62,CA,1675645884
530,nhulunbuy,-12.2333,136.7667,31.34,62,40,3.6,AU,1675645954
531,palmer,42.1584,-72.3287,5.23,58,40,4.63,US,1675645955
532,north platte,41.1239,-100.7654,2.29,76,0,4.12,US,1675645824
533,katsuura,35.1333,140.3,9.9,67,9,2.46,JP,1675645840
534,naze,28.3667,129.4833,16.69,88,100,5.21,JP,1675645955
535,amuntai,-2.4177,115.2494,25.75,87,100,0.17,ID,1675645956
536,dungarpur,23.8333,73.7167,17.83,31,0,1.1,IN,1675645956
537,grand island,40.925,-98.342,3.34,76,0,1.54,US,1675645769
538,tommot,58.9564,126.2925,-31.81,96,100,1.45,RU,1675645956
539,viedma,-40.8135,-62.9967,22.76,49,74,7.54,AR,1675645957
540,robertson,36.5167,-86.8667,11.99,74,0,3.09,US,1675645957
541,leninskiy,54.2781,37.4558,-7.99,98,92,2.39,RU,1675645717
542,dingle,10.9995,122.6711,26.6,81,74,4.29,PH,1675645958
543,pelym,61.0108,61.9978,-16.15,99,100,1.22,RU,1675645958
544,sibu,2.3,111.8167,25.61,89,100,0.84,MY,1675645958
545,san fernando,15.0286,120.6898,27.29,66,56,3.02,PH,1675645959
546,port victoria,0.0939,33.9756,21.33,76,2,4.64,KE,1675645959
547,genhe,50.7833,121.5167,-26.23,100,100,1.15,CN,1675645960
548,altay,47.8667,88.1167,-7.89,69,100,2.57,CN,1675645961
549,durusu,41.3053,28.6767,3.24,91,100,14.31,TR,1675645961
550,jambi,-1.6,103.6167,24.22,92,100,1.3,ID,1675645961
551,gorontalo,0.5412,123.0595,27.93,66,89,1.19,ID,1675645962
552,westport,41.1415,-73.3579,5.99,76,100,4.59,US,1675645789
553,clarence town,-32.5833,151.7833,29.23,40,1,1.73,AU,1675645962
554,mandera,3.9366,41.867,24.58,28,11,3.6,KE,1675645963
555,geraldton,-28.7667,114.6,24.23,69,100,6.69,AU,1675645843
